transaction_id,timestamp,fraud_probability,risk_label,decision,region,amount
1,2026-05-12 13:34:59.581373,3.268151734330212e-05,LOW RISK,Approve,East,46940
2,2026-05-12 13:44:59.581373,8.342563751564178e-08,LOW RISK,Approve,South,44795
3,2026-05-12 13:54:59.581373,0.0009127325792113739,LOW RISK,Approve,East,39773
4,2026-05-12 14:04:59.581373,2.845041558247724e-07,LOW RISK,Approve,North,19318
5,2026-05-12 14:14:59.581373,0.0001103651043070637,LOW RISK,Approve,East,12552
6,2026-05-12 14:24:59.581373,2.970334174354671e-05,LOW RISK,Approve,West,49080
7,2026-05-12 14:34:59.581373,5.958507046536023e-07,LOW RISK,Approve,East,19051
8,2026-05-12 14:44:59.581373,1.872923265965224e-07,LOW RISK,Approve,North,1407
9,2026-05-12 14:54:59.581373,0.042041614364908414,MEDIUM RISK,Review,West,14952
10,2026-05-12 15:04:59.581373,0.00011112659931835934,LOW RISK,Approve,East,25332
11,2026-05-12 15:14:59.581373,3.879819553929719e-12,LOW RISK,Approve,East,35528
12,2026-05-12 15:24:59.581373,0.0003940016807362174,LOW RISK,Approve,West,43271
13,2026-05-12 15:34:59.581373,0.03823682339500287,MEDIUM RISK,Review,South,26585
14,2026-05-12 15:44:59.581373,4.690989678493817e-07,LOW RISK,Approve,West,10338
15,2026-05-12 15:54:59.581373,4.984685733667097e-05,LOW RISK,Approve,South,39075
16,2026-05-12 16:04:59.581373,0.00036380238978019606,LOW RISK,Approve,North,1240
17,2026-05-12 16:14:59.581373,8.552991744551369e-10,LOW RISK,Approve,North,24942
18,2026-05-12 16:24:59.581373,0.005846200185943891,LOW RISK,Approve,West,26521
19,2026-05-12 16:34:59.581373,2.5619430286605757e-05,LOW RISK,Approve,West,1808
20,2026-05-12 16:44:59.581373,2.2758022787547836e-10,LOW RISK,Approve,North,3730
21,2026-05-12 16:54:59.581373,0.0031078080236615273,LOW RISK,Approve,South,19695
22,2026-05-12 17:04:59.581373,0.0022633749144623807,LOW RISK,Approve,North,10585
23,2026-05-12 17:14:59.581373,0.006917181409820469,LOW RISK,Approve,West,28408
24,2026-05-12 17:24:59.581373,7.931285083500243e-09,LOW RISK,Approve,North,44889
25,2026-05-12 17:34:59.581373,1.1648871043655541e-05,LOW RISK,Approve,West,26186
26,2026-05-12 17:44:59.581373,0.0036644641382485937,LOW RISK,Approve,West,16959
27,2026-05-12 17:54:59.581373,5.668067629008359e-06,LOW RISK,Approve,North,7784
28,2026-05-12 18:04:59.581373,3.296447032304741e-07,LOW RISK,Approve,South,25652
29,2026-05-12 18:14:59.581373,0.006740708820403398,LOW RISK,Approve,East,1307
30,2026-05-12 18:24:59.581373,9.146261699994589e-05,LOW RISK,Approve,North,46199
31,2026-05-12 18:34:59.581373,1.3096067018282413e-16,LOW RISK,Approve,East,2060
32,2026-05-12 18:44:59.581373,1.9366269686929778e-05,LOW RISK,Approve,North,657
33,2026-05-12 18:54:59.581373,0.00030461392837554833,LOW RISK,Approve,East,29789
34,2026-05-12 19:04:59.581373,2.5915010441595595e-06,LOW RISK,Approve,South,48751
35,2026-05-12 19:14:59.581373,5.773467190265426e-06,LOW RISK,Approve,South,13993
36,2026-05-12 19:24:59.581373,3.485534925522542e-06,LOW RISK,Approve,North,32372
37,2026-05-12 19:34:59.581373,5.3961160360983115e-08,LOW RISK,Approve,West,982
38,2026-05-12 19:44:59.581373,0.0026995501442375115,LOW RISK,Approve,East,37629
39,2026-05-12 19:54:59.581373,0.0014111281544137637,LOW RISK,Approve,West,38735
40,2026-05-12 20:04:59.581373,0.0008271551839727369,LOW RISK,Approve,West,29635
41,2026-05-12 20:14:59.581373,0.0003460523787577765,LOW RISK,Approve,West,12969
42,2026-05-12 20:24:59.581373,4.156498137971956e-05,LOW RISK,Approve,South,7266
43,2026-05-12 20:34:59.581373,1.7070122225527538e-05,LOW RISK,Approve,North,13082
44,2026-05-12 20:44:59.581373,0.0006101117359913844,LOW RISK,Approve,North,40797
45,2026-05-12 20:54:59.581373,3.237376754283845e-09,LOW RISK,Approve,South,38215
46,2026-05-12 21:04:59.581373,2.0074624412226505e-05,LOW RISK,Approve,South,7369
47,2026-05-12 21:14:59.581373,0.0130223682561543,LOW RISK,Approve,North,28164
48,2026-05-12 21:24:59.581373,0.012671135133634727,LOW RISK,Approve,West,13627
49,2026-05-12 21:34:59.581373,4.513456939047227e-09,LOW RISK,Approve,East,2554
50,2026-05-12 21:44:59.581373,1.0992644412962107e-06,LOW RISK,Approve,East,20978
51,2026-05-12 21:54:59.581373,1.2196192367808304e-05,LOW RISK,Approve,East,13091
52,2026-05-12 22:04:59.581373,0.0005458518922973973,LOW RISK,Approve,West,2908
53,2026-05-12 22:14:59.581373,3.6650748123618092e-06,LOW RISK,Approve,North,39510
54,2026-05-12 22:24:59.581373,0.0011098794773646632,LOW RISK,Approve,South,36693
55,2026-05-12 22:34:59.581373,0.0005837576645287987,LOW RISK,Approve,North,36404
56,2026-05-12 22:44:59.581373,5.027359461521909e-13,LOW RISK,Approve,West,30486
57,2026-05-12 22:54:59.581373,0.023630732095992875,MEDIUM RISK,Review,South,48177
58,2026-05-12 23:04:59.581373,0.016978957453441336,LOW RISK,Approve,West,3902
59,2026-05-12 23:14:59.581373,0.04153335259492841,MEDIUM RISK,Review,East,28853
60,2026-05-12 23:24:59.581373,1.5256921011484702e-05,LOW RISK,Approve,East,21183
61,2026-05-12 23:34:59.581373,0.024501083331216474,MEDIUM RISK,Review,West,18454
62,2026-05-12 23:44:59.581373,0.00030779172003314077,LOW RISK,Approve,South,22290
63,2026-05-12 23:54:59.581373,0.0028439889404826505,LOW RISK,Approve,South,6242
64,2026-05-13 00:04:59.581373,0.007162858616174262,LOW RISK,Approve,North,28498
65,2026-05-13 00:14:59.581373,0.00026348462606753156,LOW RISK,Approve,East,41962
66,2026-05-13 00:24:59.581373,0.00459409117061669,LOW RISK,Approve,North,33232
67,2026-05-13 00:34:59.581373,3.982620017163207e-05,LOW RISK,Approve,North,19603
68,2026-05-13 00:44:59.581373,0.0004225330307372123,LOW RISK,Approve,West,48556
69,2026-05-13 00:54:59.581373,2.1374013455194233e-12,LOW RISK,Approve,West,34731
70,2026-05-13 01:04:59.581373,0.0002802847043082359,LOW RISK,Approve,North,16599
71,2026-05-13 01:14:59.581373,0.001065084567826746,LOW RISK,Approve,East,39952
72,2026-05-13 01:24:59.581373,0.0013896687927531168,LOW RISK,Approve,West,8116
73,2026-05-13 01:34:59.581373,0.0003418962451427185,LOW RISK,Approve,North,2484
74,2026-05-13 01:44:59.581373,9.439228757117321e-10,LOW RISK,Approve,North,15172
75,2026-05-13 01:54:59.581373,0.009212438213836058,LOW RISK,Approve,North,36803
76,2026-05-13 02:04:59.581373,2.5937255913345005e-06,LOW RISK,Approve,North,45995
77,2026-05-13 02:14:59.581373,0.0011487231604110388,LOW RISK,Approve,North,14582
78,2026-05-13 02:24:59.581373,1.9594079999788687e-06,LOW RISK,Approve,North,40610
79,2026-05-13 02:34:59.581373,1.2371756219104136e-14,LOW RISK,Approve,West,49033
80,2026-05-13 02:44:59.581373,4.160652567592541e-09,LOW RISK,Approve,East,21926
81,2026-05-13 02:54:59.581373,1.6492752790749605e-07,LOW RISK,Approve,North,2590
82,2026-05-13 03:04:59.581373,3.5077921283870193e-11,LOW RISK,Approve,South,46192
83,2026-05-13 03:14:59.581373,0.0003035162678790276,LOW RISK,Approve,West,25618
84,2026-05-13 03:24:59.581373,0.0006627454990988175,LOW RISK,Approve,West,24145
85,2026-05-13 03:34:59.581373,3.329251151818674e-05,LOW RISK,Approve,North,27010
86,2026-05-13 03:44:59.581373,6.142054568069176e-05,LOW RISK,Approve,West,24666
87,2026-05-13 03:54:59.581373,4.5810060704025173e-07,LOW RISK,Approve,North,34005
88,2026-05-13 04:04:59.581373,1.3707155714938935e-05,LOW RISK,Approve,East,27203
89,2026-05-13 04:14:59.581373,0.00603096865355575,LOW RISK,Approve,East,36288
90,2026-05-13 04:24:59.581373,0.011914191923451004,LOW RISK,Approve,West,5945
91,2026-05-13 04:34:59.581373,4.857175641597023e-06,LOW RISK,Approve,West,21262
92,2026-05-13 04:44:59.581373,6.267718667748981e-05,LOW RISK,Approve,South,36774
93,2026-05-13 04:54:59.581373,1.9953717471815744e-05,LOW RISK,Approve,West,19437
94,2026-05-13 05:04:59.581373,0.011606795609972817,LOW RISK,Approve,South,22413
95,2026-05-13 05:14:59.581373,1.2046310876747208e-05,LOW RISK,Approve,East,27043
96,2026-05-13 05:24:59.581373,0.0006312689950108549,LOW RISK,Approve,East,12513
97,2026-05-13 05:34:59.581373,5.914677538028414e-06,LOW RISK,Approve,North,376
98,2026-05-13 05:44:59.581373,0.00020354044474753073,LOW RISK,Approve,East,17711
99,2026-05-13 05:54:59.581373,0.00012382141172046068,LOW RISK,Approve,South,39205
100,2026-05-13 06:04:59.581373,0.004297630455400882,LOW RISK,Approve,West,12044
101,2026-05-13 06:14:59.581373,1.8478831482733537e-09,LOW RISK,Approve,North,16006
102,2026-05-13 06:24:59.581373,3.2510359760962e-05,LOW RISK,Approve,South,49947
103,2026-05-13 06:34:59.581373,0.0897346715549494,HIGH RISK,Block,West,20636
104,2026-05-13 06:44:59.581373,0.0005359633658097771,LOW RISK,Approve,North,27910
105,2026-05-13 06:54:59.581373,1.1053111027413861e-08,LOW RISK,Approve,East,12406
106,2026-05-13 07:04:59.581373,1.7954727909022633e-08,LOW RISK,Approve,South,10603
107,2026-05-13 07:14:59.581373,0.003624806938785571,LOW RISK,Approve,West,19325
108,2026-05-13 07:24:59.581373,0.011428052113202143,LOW RISK,Approve,North,37076
109,2026-05-13 07:34:59.581373,7.136077724291546e-10,LOW RISK,Approve,North,11690
110,2026-05-13 07:44:59.581373,0.0020723391155040333,LOW RISK,Approve,East,10986
111,2026-05-13 07:54:59.581373,0.0005044212744705332,LOW RISK,Approve,West,12966
112,2026-05-13 08:04:59.581373,4.1826934431529473e-07,LOW RISK,Approve,East,1188
113,2026-05-13 08:14:59.581373,0.0006591425599362519,LOW RISK,Approve,East,3463
114,2026-05-13 08:24:59.581373,0.004781679503164974,LOW RISK,Approve,West,32892
115,2026-05-13 08:34:59.581373,0.018704868683002408,LOW RISK,Approve,West,9864
116,2026-05-13 08:44:59.581373,5.685538429763169e-13,LOW RISK,Approve,West,20720
117,2026-05-13 08:54:59.581373,0.0007974377090632854,LOW RISK,Approve,South,42827
118,2026-05-13 09:04:59.581373,3.666871824614287e-06,LOW RISK,Approve,West,13035
119,2026-05-13 09:14:59.581373,0.006291048682786263,LOW RISK,Approve,North,8168
120,2026-05-13 09:24:59.581373,0.02438952311863343,MEDIUM RISK,Review,East,7395
121,2026-05-13 09:34:59.581373,0.00012157239295885589,LOW RISK,Approve,South,41260
122,2026-05-13 09:44:59.581373,0.0016356963229848269,LOW RISK,Approve,West,11490
123,2026-05-13 09:54:59.581373,1.0005032026793827e-08,LOW RISK,Approve,South,41316
124,2026-05-13 10:04:59.581373,0.00845029276392721,LOW RISK,Approve,West,20231
125,2026-05-13 10:14:59.581373,0.00958000325188183,LOW RISK,Approve,South,29318
126,2026-05-13 10:24:59.581373,6.799919206974896e-07,LOW RISK,Approve,East,10533
127,2026-05-13 10:34:59.581373,2.8257353252364993e-05,LOW RISK,Approve,East,15138
128,2026-05-13 10:44:59.581373,3.1357878198935506e-05,LOW RISK,Approve,North,28282
129,2026-05-13 10:54:59.581373,7.023793216465909e-05,LOW RISK,Approve,North,11628
130,2026-05-13 11:04:59.581373,0.061481220031862696,MEDIUM RISK,Review,West,21381
131,2026-05-13 11:14:59.581373,0.0011321473631796522,LOW RISK,Approve,East,48611
132,2026-05-13 11:24:59.581373,2.468481221677794e-05,LOW RISK,Approve,South,8705
133,2026-05-13 11:34:59.581373,0.001852600653078184,LOW RISK,Approve,South,34882
134,2026-05-13 11:44:59.581373,2.777589083640833e-09,LOW RISK,Approve,South,1481
135,2026-05-13 11:54:59.581373,5.048396267740809e-07,LOW RISK,Approve,North,1198
136,2026-05-13 12:04:59.581373,0.005604061513731844,LOW RISK,Approve,South,19910
137,2026-05-13 12:14:59.581373,0.01047882277762558,LOW RISK,Approve,North,24422
138,2026-05-13 12:24:59.581373,0.0037636794008928504,LOW RISK,Approve,North,41969
139,2026-05-13 12:34:59.581373,4.3201746750956076e-05,LOW RISK,Approve,West,33055
140,2026-05-13 12:44:59.581373,2.1131259909624435e-06,LOW RISK,Approve,South,44816
141,2026-05-13 12:54:59.581373,0.00029530570152854515,LOW RISK,Approve,South,10307
142,2026-05-13 13:04:59.581373,2.3276305321304606e-06,LOW RISK,Approve,East,21893
143,2026-05-13 13:14:59.581373,1.351331702600665e-13,LOW RISK,Approve,West,2192
144,2026-05-13 13:24:59.581373,0.014392865415138328,LOW RISK,Approve,East,28320
145,2026-05-13 13:34:59.581373,0.0051109288854597115,LOW RISK,Approve,West,18614
146,2026-05-13 13:44:59.581373,0.00407384219292322,LOW RISK,Approve,South,38110
147,2026-05-13 13:54:59.581373,4.924847867897523e-06,LOW RISK,Approve,North,8649
148,2026-05-13 14:04:59.581373,1.2899390080173872e-06,LOW RISK,Approve,North,22131
149,2026-05-13 14:14:59.581373,2.4107168388511202e-06,LOW RISK,Approve,North,5285
150,2026-05-13 14:24:59.581373,0.0003927223433561064,LOW RISK,Approve,North,15371
151,2026-05-13 14:34:59.581373,1.271817278040942e-08,LOW RISK,Approve,North,5876
152,2026-05-13 14:44:59.581373,0.0015292021700286118,LOW RISK,Approve,East,12549
153,2026-05-13 14:54:59.581373,0.0006737099194233029,LOW RISK,Approve,West,24397
154,2026-05-13 15:04:59.581373,7.732884803773056e-05,LOW RISK,Approve,South,40691
155,2026-05-13 15:14:59.581373,1.2363512131531576e-08,LOW RISK,Approve,East,15817
156,2026-05-13 15:24:59.581373,0.00025304641777429285,LOW RISK,Approve,West,40223
157,2026-05-13 15:34:59.581373,1.5185419311684727e-05,LOW RISK,Approve,North,39333
158,2026-05-13 15:44:59.581373,0.002142037299315746,LOW RISK,Approve,West,45605
159,2026-05-13 15:54:59.581373,0.00015345809593276413,LOW RISK,Approve,West,46192
160,2026-05-13 16:04:59.581373,0.03890450641173863,MEDIUM RISK,Review,North,10450
161,2026-05-13 16:14:59.581373,0.021749919052467797,MEDIUM RISK,Review,North,30722
162,2026-05-13 16:24:59.581373,0.005580555688916812,LOW RISK,Approve,North,35423
163,2026-05-13 16:34:59.581373,1.4192488069955698e-07,LOW RISK,Approve,South,3051
164,2026-05-13 16:44:59.581373,0.007803937402815666,LOW RISK,Approve,North,17722
165,2026-05-13 16:54:59.581373,0.00014278289252194485,LOW RISK,Approve,South,4827
166,2026-05-13 17:04:59.581373,0.00027212388877382747,LOW RISK,Approve,North,38554
167,2026-05-13 17:14:59.581373,4.1064302477926324e-05,LOW RISK,Approve,South,36569
168,2026-05-13 17:24:59.581373,0.020083962590480512,MEDIUM RISK,Review,West,35648
169,2026-05-13 17:34:59.581373,4.477977423490593e-08,LOW RISK,Approve,East,23882
170,2026-05-13 17:44:59.581373,7.565316493330296e-06,LOW RISK,Approve,West,28554
171,2026-05-13 17:54:59.581373,3.457202014354719e-12,LOW RISK,Approve,West,2468
172,2026-05-13 18:04:59.581373,5.0828760266257056e-05,LOW RISK,Approve,North,15692
173,2026-05-13 18:14:59.581373,1.1977372191395934e-06,LOW RISK,Approve,South,22273
174,2026-05-13 18:24:59.581373,0.00034807618523616767,LOW RISK,Approve,East,33304
175,2026-05-13 18:34:59.581373,3.900556419813361e-07,LOW RISK,Approve,North,35696
176,2026-05-13 18:44:59.581373,0.020561374727634717,MEDIUM RISK,Review,North,34424
177,2026-05-13 18:54:59.581373,0.00026361565553668486,LOW RISK,Approve,North,46232
178,2026-05-13 19:04:59.581373,0.01563943821160679,LOW RISK,Approve,West,23964
179,2026-05-13 19:14:59.581373,0.0005013595526995404,LOW RISK,Approve,South,47929
180,2026-05-13 19:24:59.581373,0.019755085904047523,LOW RISK,Approve,South,30850
181,2026-05-13 19:34:59.581373,0.07527436394612096,MEDIUM RISK,Review,East,10676
182,2026-05-13 19:44:59.581373,4.656353000776821e-05,LOW RISK,Approve,South,16666
183,2026-05-13 19:54:59.581373,1.4677053545965593e-05,LOW RISK,Approve,South,7290
184,2026-05-13 20:04:59.581373,2.1461416431559903e-05,LOW RISK,Approve,North,23171
185,2026-05-13 20:14:59.581373,1.2438199963425898e-06,LOW RISK,Approve,North,38433
186,2026-05-13 20:24:59.581373,7.968824385623714e-05,LOW RISK,Approve,West,15469
187,2026-05-13 20:34:59.581373,0.0007010244707827241,LOW RISK,Approve,North,24135
188,2026-05-13 20:44:59.581373,0.0009515694723329069,LOW RISK,Approve,North,1689
189,2026-05-13 20:54:59.581373,8.354189703001945e-07,LOW RISK,Approve,North,25335
190,2026-05-13 21:04:59.581373,0.0001846929449017122,LOW RISK,Approve,North,259
191,2026-05-13 21:14:59.581373,0.007233835543516459,LOW RISK,Approve,West,12245
192,2026-05-13 21:24:59.581373,0.0004442245909832592,LOW RISK,Approve,North,15473
193,2026-05-13 21:34:59.581373,0.011702893107103906,LOW RISK,Approve,East,32021
194,2026-05-13 21:44:59.581373,7.343769099736047e-05,LOW RISK,Approve,East,39423
195,2026-05-13 21:54:59.581373,0.002422842884787708,LOW RISK,Approve,East,16337
196,2026-05-13 22:04:59.581373,8.545991329244749e-09,LOW RISK,Approve,East,42071
197,2026-05-13 22:14:59.581373,0.0015224837707252868,LOW RISK,Approve,North,8344
198,2026-05-13 22:24:59.581373,0.009391951031046232,LOW RISK,Approve,East,14843
199,2026-05-13 22:34:59.581373,0.0015589770202712745,LOW RISK,Approve,North,31666
200,2026-05-13 22:44:59.581373,2.0098289285149087e-09,LOW RISK,Approve,West,46201
201,2026-05-13 22:54:59.581373,2.49754601888991e-07,LOW RISK,Approve,East,46209
202,2026-05-13 23:04:59.581373,2.0245993429721552e-05,LOW RISK,Approve,South,18791
203,2026-05-13 23:14:59.581373,0.0009255357384547069,LOW RISK,Approve,East,34096
204,2026-05-13 23:24:59.581373,7.64272173728969e-05,LOW RISK,Approve,East,5690
205,2026-05-13 23:34:59.581373,0.00966772984867643,LOW RISK,Approve,North,5685
206,2026-05-13 23:44:59.581373,2.522604282900301e-13,LOW RISK,Approve,East,9327
207,2026-05-13 23:54:59.581373,0.0011682845736469643,LOW RISK,Approve,South,28378
208,2026-05-14 00:04:59.581373,0.00035675276507117406,LOW RISK,Approve,North,38914
209,2026-05-14 00:14:59.581373,6.588559778681117e-14,LOW RISK,Approve,North,12337
210,2026-05-14 00:24:59.581373,0.0005775540352237353,LOW RISK,Approve,West,15749
211,2026-05-14 00:34:59.581373,6.542355251658607e-07,LOW RISK,Approve,West,37813
212,2026-05-14 00:44:59.581373,0.0014251695516609535,LOW RISK,Approve,East,8027
213,2026-05-14 00:54:59.581373,8.417669384286191e-05,LOW RISK,Approve,West,45509
214,2026-05-14 01:04:59.581373,0.0008621460102649338,LOW RISK,Approve,West,48866
215,2026-05-14 01:14:59.581373,7.474446668547312e-06,LOW RISK,Approve,West,46254
216,2026-05-14 01:24:59.581373,0.00015199402658895353,LOW RISK,Approve,North,7116
217,2026-05-14 01:34:59.581373,0.003462432397586075,LOW RISK,Approve,North,14127
218,2026-05-14 01:44:59.581373,0.0007917304748106227,LOW RISK,Approve,North,48788
219,2026-05-14 01:54:59.581373,8.36224924524285e-09,LOW RISK,Approve,West,24242
220,2026-05-14 02:04:59.581373,7.474832530171029e-05,LOW RISK,Approve,North,46620
221,2026-05-14 02:14:59.581373,0.005116558363317716,LOW RISK,Approve,West,23645
222,2026-05-14 02:24:59.581373,3.9205960918642695e-09,LOW RISK,Approve,North,31997
223,2026-05-14 02:34:59.581373,0.02644166631750997,MEDIUM RISK,Review,North,3267
224,2026-05-14 02:44:59.581373,0.003917375311257834,LOW RISK,Approve,South,44857
225,2026-05-14 02:54:59.581373,0.0021911218776809443,LOW RISK,Approve,East,27017
226,2026-05-14 03:04:59.581373,0.1137691653667526,HIGH RISK,Block,West,22836
227,2026-05-14 03:14:59.581373,0.002356376452583125,LOW RISK,Approve,South,28090
228,2026-05-14 03:24:59.581373,4.988671477764175e-12,LOW RISK,Approve,North,14187
229,2026-05-14 03:34:59.581373,0.018043277831978,LOW RISK,Approve,West,22540
230,2026-05-14 03:44:59.581373,0.007295618330366059,LOW RISK,Approve,North,35305
231,2026-05-14 03:54:59.581373,7.711888907263865e-12,LOW RISK,Approve,East,15375
232,2026-05-14 04:04:59.581373,0.002365759161826743,LOW RISK,Approve,South,5376
233,2026-05-14 04:14:59.581373,2.5547647251513155e-10,LOW RISK,Approve,East,41727
234,2026-05-14 04:24:59.581373,0.0010738670595611512,LOW RISK,Approve,South,40686
235,2026-05-14 04:34:59.581373,1.505848155062521e-06,LOW RISK,Approve,North,37596
236,2026-05-14 04:44:59.581373,0.004759423157853532,LOW RISK,Approve,East,19108
237,2026-05-14 04:54:59.581373,0.0030432272663253224,LOW RISK,Approve,East,5838
238,2026-05-14 05:04:59.581373,0.07710580997209941,MEDIUM RISK,Review,North,32502
239,2026-05-14 05:14:59.581373,8.48216962064781e-05,LOW RISK,Approve,East,5893
240,2026-05-14 05:24:59.581373,6.448190260550692e-06,LOW RISK,Approve,West,37391
241,2026-05-14 05:34:59.581373,1.7062675255314027e-11,LOW RISK,Approve,South,5671
242,2026-05-14 05:44:59.581373,0.0018476108413645292,LOW RISK,Approve,South,31431
243,2026-05-14 05:54:59.581373,7.525930554208098e-05,LOW RISK,Approve,South,16309
244,2026-05-14 06:04:59.581373,1.494690965693152e-07,LOW RISK,Approve,West,48114
245,2026-05-14 06:14:59.581373,0.02268087847405274,MEDIUM RISK,Review,South,25494
246,2026-05-14 06:24:59.581373,1.6640118228803025e-07,LOW RISK,Approve,North,43248
247,2026-05-14 06:34:59.581373,0.003841896192255029,LOW RISK,Approve,East,25782
248,2026-05-14 06:44:59.581373,1.0545107886983204e-07,LOW RISK,Approve,West,2324
249,2026-05-14 06:54:59.581373,9.225099973841328e-07,LOW RISK,Approve,South,41257
250,2026-05-14 07:04:59.581373,0.008141362402424046,LOW RISK,Approve,North,48795
251,2026-05-14 07:14:59.581373,0.011358087665609197,LOW RISK,Approve,East,44552
252,2026-05-14 07:24:59.581373,0.0004488618719884791,LOW RISK,Approve,East,43508
253,2026-05-14 07:34:59.581373,3.516835626530082e-05,LOW RISK,Approve,West,32541
254,2026-05-14 07:44:59.581373,7.978456811502791e-07,LOW RISK,Approve,West,41530
255,2026-05-14 07:54:59.581373,0.005875697569035185,LOW RISK,Approve,West,39229
256,2026-05-14 08:04:59.581373,2.4041874335470018e-05,LOW RISK,Approve,North,34816
257,2026-05-14 08:14:59.581373,3.4555373010895092e-06,LOW RISK,Approve,North,44959
258,2026-05-14 08:24:59.581373,0.008223897143336158,LOW RISK,Approve,West,26686
259,2026-05-14 08:34:59.581373,0.0018434554866722944,LOW RISK,Approve,South,44860
260,2026-05-14 08:44:59.581373,0.009956541727804517,LOW RISK,Approve,East,23578
261,2026-05-14 08:54:59.581373,1.6257320123150573e-05,LOW RISK,Approve,East,6418
262,2026-05-14 09:04:59.581373,6.534987594385975e-06,LOW RISK,Approve,North,28794
263,2026-05-14 09:14:59.581373,0.0010664417893239979,LOW RISK,Approve,East,20280
264,2026-05-14 09:24:59.581373,6.15240845679492e-09,LOW RISK,Approve,South,12280
265,2026-05-14 09:34:59.581373,0.03268771596824771,MEDIUM RISK,Review,East,33102
266,2026-05-14 09:44:59.581373,0.021038815988554883,MEDIUM RISK,Review,North,15472
267,2026-05-14 09:54:59.581373,8.238723987390743e-06,LOW RISK,Approve,North,29896
268,2026-05-14 10:04:59.581373,0.0011761821336339203,LOW RISK,Approve,South,24527
269,2026-05-14 10:14:59.581373,0.05240485245949644,MEDIUM RISK,Review,South,33390
270,2026-05-14 10:24:59.581373,4.437925257934235e-13,LOW RISK,Approve,East,28199
271,2026-05-14 10:34:59.581373,0.0002327788709179237,LOW RISK,Approve,East,45586
272,2026-05-14 10:44:59.581373,9.437754215276369e-05,LOW RISK,Approve,North,9921
273,2026-05-14 10:54:59.581373,0.002113595535703155,LOW RISK,Approve,South,5932
274,2026-05-14 11:04:59.581373,4.840570970092421e-06,LOW RISK,Approve,South,12920
275,2026-05-14 11:14:59.581373,7.115185298056874e-05,LOW RISK,Approve,South,16311
276,2026-05-14 11:24:59.581373,5.38860123744928e-06,LOW RISK,Approve,East,39990
277,2026-05-14 11:34:59.581373,0.015354264020178067,LOW RISK,Approve,South,5942
278,2026-05-14 11:44:59.581373,0.00013780687452971368,LOW RISK,Approve,North,1416
279,2026-05-14 11:54:59.581373,0.00902280518152294,LOW RISK,Approve,North,46068
280,2026-05-14 12:04:59.581373,0.0010362383858935284,LOW RISK,Approve,East,17608
281,2026-05-14 12:14:59.581373,0.017342630772997487,LOW RISK,Approve,West,22105
282,2026-05-14 12:24:59.581373,1.947926187755466e-08,LOW RISK,Approve,East,15306
283,2026-05-14 12:34:59.581373,5.502455391143878e-07,LOW RISK,Approve,West,19071
284,2026-05-14 12:44:59.581373,0.006191454347916934,LOW RISK,Approve,South,25699
285,2026-05-14 12:54:59.581373,3.4249290093509217e-15,LOW RISK,Approve,East,22156
286,2026-05-14 13:04:59.581373,1.0303500135107895e-05,LOW RISK,Approve,North,1478
287,2026-05-14 13:14:59.581373,0.00019043107982001824,LOW RISK,Approve,South,1619
288,2026-05-14 13:24:59.581373,0.0028856692548543178,LOW RISK,Approve,North,22261
289,2026-05-14 13:34:59.581373,1.5052293443069393e-05,LOW RISK,Approve,South,40803
290,2026-05-14 13:44:59.581373,1.2157070965944778e-09,LOW RISK,Approve,East,38961
291,2026-05-14 13:54:59.581373,0.0006328109349386121,LOW RISK,Approve,West,5455
292,2026-05-14 14:04:59.581373,6.688550605032643e-09,LOW RISK,Approve,South,9183
293,2026-05-14 14:14:59.581373,2.4780670377741955e-12,LOW RISK,Approve,West,38442
294,2026-05-14 14:24:59.581373,0.01115545780284764,LOW RISK,Approve,South,20556
295,2026-05-14 14:34:59.581373,1.533179304665941e-05,LOW RISK,Approve,North,13424
296,2026-05-14 14:44:59.581373,0.0012926001996861956,LOW RISK,Approve,North,2357
297,2026-05-14 14:54:59.581373,1.5593754227537954e-09,LOW RISK,Approve,South,27464
298,2026-05-14 15:04:59.581373,1.0994201969599871e-06,LOW RISK,Approve,West,25072
299,2026-05-14 15:14:59.581373,2.966691920902822e-07,LOW RISK,Approve,East,46279
300,2026-05-14 15:24:59.581373,0.002776008318055045,LOW RISK,Approve,East,26754
301,2026-05-14 15:34:59.581373,2.009539219418421e-12,LOW RISK,Approve,North,15333
302,2026-05-14 15:44:59.581373,0.010611426565786671,LOW RISK,Approve,East,15987
303,2026-05-14 15:54:59.581373,2.6716113691405492e-05,LOW RISK,Approve,North,29420
304,2026-05-14 16:04:59.581373,0.0075413519560416165,LOW RISK,Approve,East,20908
305,2026-05-14 16:14:59.581373,0.011058929643466858,LOW RISK,Approve,South,30254
306,2026-05-14 16:24:59.581373,3.845359127028508e-06,LOW RISK,Approve,North,34873
307,2026-05-14 16:34:59.581373,2.73769748258125e-08,LOW RISK,Approve,North,27847
308,2026-05-14 16:44:59.581373,2.712600431189133e-07,LOW RISK,Approve,South,10960
309,2026-05-14 16:54:59.581373,0.0083947013671271,LOW RISK,Approve,North,42938
310,2026-05-14 17:04:59.581373,2.9016259762344597e-05,LOW RISK,Approve,East,42256
311,2026-05-14 17:14:59.581373,3.63182161400739e-06,LOW RISK,Approve,East,18256
312,2026-05-14 17:24:59.581373,0.042494185453355524,MEDIUM RISK,Review,North,20460
313,2026-05-14 17:34:59.581373,0.00883002911546285,LOW RISK,Approve,East,18235
314,2026-05-14 17:44:59.581373,0.001066494078366766,LOW RISK,Approve,West,25451
315,2026-05-14 17:54:59.581373,0.0034552512726651937,LOW RISK,Approve,North,30599
316,2026-05-14 18:04:59.581373,0.006901225533395008,LOW RISK,Approve,South,47477
317,2026-05-14 18:14:59.581373,1.108118937656914e-08,LOW RISK,Approve,West,23654
318,2026-05-14 18:24:59.581373,0.00033119704242007107,LOW RISK,Approve,North,49231
319,2026-05-14 18:34:59.581373,0.0002765406491834335,LOW RISK,Approve,South,19704
320,2026-05-14 18:44:59.581373,0.073289269357803,MEDIUM RISK,Review,East,17023
321,2026-05-14 18:54:59.581373,0.0002882948139468009,LOW RISK,Approve,South,47691
322,2026-05-14 19:04:59.581373,4.242427931891153e-08,LOW RISK,Approve,West,8647
323,2026-05-14 19:14:59.581373,0.0021364634443667412,LOW RISK,Approve,East,44383
324,2026-05-14 19:24:59.581373,0.0018437830692972202,LOW RISK,Approve,North,33102
325,2026-05-14 19:34:59.581373,0.007449225405432576,LOW RISK,Approve,East,14662
326,2026-05-14 19:44:59.581373,0.00023142339470848524,LOW RISK,Approve,North,7580
327,2026-05-14 19:54:59.581373,0.01677531261225533,LOW RISK,Approve,North,26772
328,2026-05-14 20:04:59.581373,7.115603478084065e-07,LOW RISK,Approve,South,4313
329,2026-05-14 20:14:59.581373,0.0018612466335698051,LOW RISK,Approve,South,10393
330,2026-05-14 20:24:59.581373,0.0520493459328053,MEDIUM RISK,Review,South,34541
331,2026-05-14 20:34:59.581373,0.0031158938449989703,LOW RISK,Approve,West,2200
332,2026-05-14 20:44:59.581373,1.333390485913037e-05,LOW RISK,Approve,West,44717
333,2026-05-14 20:54:59.581373,8.868895755995857e-05,LOW RISK,Approve,South,28272
334,2026-05-14 21:04:59.581373,1.0919679531059538e-05,LOW RISK,Approve,West,20232
335,2026-05-14 21:14:59.581373,0.00013833518079341418,LOW RISK,Approve,East,18299
336,2026-05-14 21:24:59.581373,1.0075706397539339e-06,LOW RISK,Approve,East,36709
337,2026-05-14 21:34:59.581373,0.00012802965444813223,LOW RISK,Approve,West,43065
338,2026-05-14 21:44:59.581373,0.0004004034988905097,LOW RISK,Approve,West,8116
339,2026-05-14 21:54:59.581373,0.0005029393390059462,LOW RISK,Approve,East,39879
340,2026-05-14 22:04:59.581373,0.0056024536497948545,LOW RISK,Approve,North,37361
341,2026-05-14 22:14:59.581373,0.017806910125822913,LOW RISK,Approve,East,31981
342,2026-05-14 22:24:59.581373,3.145653769422892e-05,LOW RISK,Approve,East,17158
343,2026-05-14 22:34:59.581373,9.818037531118909e-06,LOW RISK,Approve,West,24572
344,2026-05-14 22:44:59.581373,1.2385896102807454e-05,LOW RISK,Approve,East,41446
345,2026-05-14 22:54:59.581373,1.756414178464005e-08,LOW RISK,Approve,West,35026
346,2026-05-14 23:04:59.581373,3.1762168563998276e-07,LOW RISK,Approve,West,34932
347,2026-05-14 23:14:59.581373,2.7605640288465783e-06,LOW RISK,Approve,South,36121
348,2026-05-14 23:24:59.581373,0.005834006377030015,LOW RISK,Approve,East,24187
349,2026-05-14 23:34:59.581373,0.0009118125274730884,LOW RISK,Approve,North,12928
350,2026-05-14 23:44:59.581373,1.669736702254523e-06,LOW RISK,Approve,South,31228
351,2026-05-14 23:54:59.581373,0.010265319758403035,LOW RISK,Approve,West,1501
352,2026-05-15 00:04:59.581373,0.005040335038413544,LOW RISK,Approve,West,19743
353,2026-05-15 00:14:59.581373,3.3063568658730004e-09,LOW RISK,Approve,North,15293
354,2026-05-15 00:24:59.581373,0.0006515699350533852,LOW RISK,Approve,West,26953
355,2026-05-15 00:34:59.581373,3.80074103129476e-09,LOW RISK,Approve,East,44964
356,2026-05-15 00:44:59.581373,0.000989020337854716,LOW RISK,Approve,South,20407
357,2026-05-15 00:54:59.581373,0.00029774925844646647,LOW RISK,Approve,West,37082
358,2026-05-15 01:04:59.581373,0.0017264538890251829,LOW RISK,Approve,West,19711
359,2026-05-15 01:14:59.581373,7.767079439261438e-09,LOW RISK,Approve,North,43891
360,2026-05-15 01:24:59.581373,4.962271325916687e-06,LOW RISK,Approve,East,12050
361,2026-05-15 01:34:59.581373,2.9852186728411967e-05,LOW RISK,Approve,West,10804
362,2026-05-15 01:44:59.580372,3.852431980088209e-10,LOW RISK,Approve,North,43211
363,2026-05-15 01:54:59.580372,0.0018594789793815233,LOW RISK,Approve,West,11967
364,2026-05-15 02:04:59.580372,1.2804679748348749e-05,LOW RISK,Approve,North,2845
365,2026-05-15 02:14:59.580372,1.7147406940943793e-10,LOW RISK,Approve,North,3966
366,2026-05-15 02:24:59.580372,2.231220546263617e-07,LOW RISK,Approve,East,32345
367,2026-05-15 02:34:59.580372,0.0001560627473806516,LOW RISK,Approve,West,44824
368,2026-05-15 02:44:59.580372,0.0019802789892851428,LOW RISK,Approve,East,5918
369,2026-05-15 02:54:59.580372,0.01953728219326523,LOW RISK,Approve,North,48961
370,2026-05-15 03:04:59.580372,0.0003164307844483483,LOW RISK,Approve,South,30216
371,2026-05-15 03:14:59.580372,0.007355806381104691,LOW RISK,Approve,West,15593
372,2026-05-15 03:24:59.580372,7.00087671084697e-12,LOW RISK,Approve,South,28138
373,2026-05-15 03:34:59.580372,0.026704816330173072,MEDIUM RISK,Review,West,20547
374,2026-05-15 03:44:59.580372,5.013774343184085e-05,LOW RISK,Approve,East,30531
375,2026-05-15 03:54:59.580372,0.0001642574928739602,LOW RISK,Approve,East,18008
376,2026-05-15 04:04:59.580372,7.191121245559846e-07,LOW RISK,Approve,East,29436
377,2026-05-15 04:14:59.580372,0.010881844841047313,LOW RISK,Approve,East,41092
378,2026-05-15 04:24:59.580372,0.005357810757767879,LOW RISK,Approve,East,4125
379,2026-05-15 04:34:59.580372,0.0025120455602604336,LOW RISK,Approve,South,20193
380,2026-05-15 04:44:59.580372,0.0013031536080608192,LOW RISK,Approve,East,6255
381,2026-05-15 04:54:59.580372,0.0037021116480444177,LOW RISK,Approve,North,46707
382,2026-05-15 05:04:59.580372,6.048440503704868e-05,LOW RISK,Approve,North,33587
383,2026-05-15 05:14:59.580372,4.171771737840914e-08,LOW RISK,Approve,South,47758
384,2026-05-15 05:24:59.580372,0.03812175838858556,MEDIUM RISK,Review,West,21063
385,2026-05-15 05:34:59.580372,1.0922449337189884e-08,LOW RISK,Approve,North,21036
386,2026-05-15 05:44:59.580372,0.001071347717478762,LOW RISK,Approve,West,4526
387,2026-05-15 05:54:59.580372,0.0017724552911465132,LOW RISK,Approve,South,23403
388,2026-05-15 06:04:59.580372,6.28409597155269e-08,LOW RISK,Approve,West,45380
389,2026-05-15 06:14:59.580372,2.4292519578917405e-10,LOW RISK,Approve,West,27706
390,2026-05-15 06:24:59.580372,0.0054872709475918095,LOW RISK,Approve,West,47932
391,2026-05-15 06:34:59.580372,0.00010917692946653797,LOW RISK,Approve,West,28251
392,2026-05-15 06:44:59.580372,0.00014842264030878068,LOW RISK,Approve,South,13867
393,2026-05-15 06:54:59.580372,0.004299424451532466,LOW RISK,Approve,North,11408
394,2026-05-15 07:04:59.580372,7.969947760733172e-05,LOW RISK,Approve,East,44345
395,2026-05-15 07:14:59.580372,8.455513747174816e-07,LOW RISK,Approve,West,45771
396,2026-05-15 07:24:59.580372,0.05224295774836514,MEDIUM RISK,Review,North,24870
397,2026-05-15 07:34:59.580372,0.00041722528339067797,LOW RISK,Approve,North,28672
398,2026-05-15 07:44:59.580372,5.126072264970424e-09,LOW RISK,Approve,South,41548
399,2026-05-15 07:54:59.580372,0.00020644058452047706,LOW RISK,Approve,North,2304
400,2026-05-15 08:04:59.580372,0.00015729461307450695,LOW RISK,Approve,South,27333
401,2026-05-15 08:14:59.580372,8.688314118325115e-05,LOW RISK,Approve,West,21829
402,2026-05-15 08:24:59.580372,6.681993382532466e-12,LOW RISK,Approve,West,31231
403,2026-05-15 08:34:59.580372,0.013952589284734066,LOW RISK,Approve,East,33970
404,2026-05-15 08:44:59.580372,3.380591937138739e-10,LOW RISK,Approve,East,38111
405,2026-05-15 08:54:59.580372,2.017740071687074e-09,LOW RISK,Approve,East,39482
406,2026-05-15 09:04:59.580372,7.081364114437942e-10,LOW RISK,Approve,North,49167
407,2026-05-15 09:14:59.580372,0.005354781931858834,LOW RISK,Approve,West,41575
408,2026-05-15 09:24:59.580372,1.824271785730776e-07,LOW RISK,Approve,South,46781
409,2026-05-15 09:34:59.580372,1.4458232650611867e-13,LOW RISK,Approve,East,21707
410,2026-05-15 09:44:59.580372,9.404583947200082e-06,LOW RISK,Approve,South,25068
411,2026-05-15 09:54:59.580372,1.571893573743349e-08,LOW RISK,Approve,South,33498
412,2026-05-15 10:04:59.580372,0.0014844039240895525,LOW RISK,Approve,East,12008
413,2026-05-15 10:14:59.580372,0.0007393806017537102,LOW RISK,Approve,West,26523
414,2026-05-15 10:24:59.580372,0.0066118706496813475,LOW RISK,Approve,East,43715
415,2026-05-15 10:34:59.580372,1.3709856764474206e-06,LOW RISK,Approve,South,9271
416,2026-05-15 10:44:59.580372,0.00010863600370689155,LOW RISK,Approve,East,12821
417,2026-05-15 10:54:59.580372,0.001426326447268178,LOW RISK,Approve,South,49529
418,2026-05-15 11:04:59.580372,0.009515997668749655,LOW RISK,Approve,South,16716
419,2026-05-15 11:14:59.580372,0.00013717847838353296,LOW RISK,Approve,East,42612
420,2026-05-15 11:24:59.580372,0.0045143992008013865,LOW RISK,Approve,North,38558
421,2026-05-15 11:34:59.580372,0.026733777605834445,MEDIUM RISK,Review,East,46269
422,2026-05-15 11:44:59.580372,3.713209546765073e-08,LOW RISK,Approve,North,7759
423,2026-05-15 11:54:59.580372,0.007181957240879471,LOW RISK,Approve,South,43469
424,2026-05-15 12:04:59.580372,0.0006869185865939901,LOW RISK,Approve,South,11804
425,2026-05-15 12:14:59.580372,0.013726628496473882,LOW RISK,Approve,North,32893
426,2026-05-15 12:24:59.580372,1.2926982132192266e-07,LOW RISK,Approve,South,48252
427,2026-05-15 12:34:59.580372,7.238082845835909e-07,LOW RISK,Approve,North,46573
428,2026-05-15 12:44:59.580372,0.0008285971629802939,LOW RISK,Approve,North,31326
429,2026-05-15 12:54:59.580372,1.714404150646831e-17,LOW RISK,Approve,South,23952
430,2026-05-15 13:04:59.580372,0.0036217977328854476,LOW RISK,Approve,West,32182
431,2026-05-15 13:14:59.580372,7.222604020217025e-08,LOW RISK,Approve,North,22894
432,2026-05-15 13:24:59.580372,0.0001162123504120485,LOW RISK,Approve,East,41520
433,2026-05-15 13:34:59.580372,5.967496383346567e-05,LOW RISK,Approve,East,13479
434,2026-05-15 13:44:59.580372,0.001131695088038878,LOW RISK,Approve,South,7106
435,2026-05-15 13:54:59.580372,2.068685881150143e-10,LOW RISK,Approve,West,8782
436,2026-05-15 14:04:59.580372,0.0004542273885569367,LOW RISK,Approve,South,33940
437,2026-05-15 14:14:59.580372,0.006335532316183648,LOW RISK,Approve,West,32530
438,2026-05-15 14:24:59.580372,1.3739681052046537e-10,LOW RISK,Approve,North,23191
439,2026-05-15 14:34:59.580372,0.00026831092502952874,LOW RISK,Approve,North,33083
440,2026-05-15 14:44:59.580372,1.5187097512604029e-05,LOW RISK,Approve,North,24089
441,2026-05-15 14:54:59.580372,0.0033094074091986813,LOW RISK,Approve,North,10015
442,2026-05-15 15:04:59.580372,0.001093851290453983,LOW RISK,Approve,East,42652
443,2026-05-15 15:14:59.580372,6.0242400614075364e-05,LOW RISK,Approve,East,19090
444,2026-05-15 15:24:59.580372,0.0006568033262665758,LOW RISK,Approve,South,24834
445,2026-05-15 15:34:59.580372,8.632542326905737e-13,LOW RISK,Approve,West,14924
446,2026-05-15 15:44:59.580372,4.181304288525176e-06,LOW RISK,Approve,North,36181
447,2026-05-15 15:54:59.580372,9.24478591150835e-05,LOW RISK,Approve,North,11133
448,2026-05-15 16:04:59.580372,4.1353953596812895e-07,LOW RISK,Approve,West,42836
449,2026-05-15 16:14:59.580372,2.115272567621346e-09,LOW RISK,Approve,West,16341
450,2026-05-15 16:24:59.580372,0.00011115999633757735,LOW RISK,Approve,South,6039
451,2026-05-15 16:34:59.580372,3.7971089754022326e-08,LOW RISK,Approve,West,47564
452,2026-05-15 16:44:59.580372,0.03142290980303962,MEDIUM RISK,Review,North,47662
453,2026-05-15 16:54:59.580372,2.326797200711773e-06,LOW RISK,Approve,North,35163
454,2026-05-15 17:04:59.580372,3.4074609893925496e-06,LOW RISK,Approve,North,34564
455,2026-05-15 17:14:59.580372,0.00021906033372137874,LOW RISK,Approve,North,11285
456,2026-05-15 17:24:59.580372,0.021485791671258442,MEDIUM RISK,Review,North,27145
457,2026-05-15 17:34:59.580372,0.0014286079844954133,LOW RISK,Approve,South,44869
458,2026-05-15 17:44:59.580372,0.02769927294906679,MEDIUM RISK,Review,North,47218
459,2026-05-15 17:54:59.580372,0.0016186901220966103,LOW RISK,Approve,South,19267
460,2026-05-15 18:04:59.580372,0.0001969141829320381,LOW RISK,Approve,North,36512
461,2026-05-15 18:14:59.580372,7.159434418612938e-08,LOW RISK,Approve,East,21725
462,2026-05-15 18:24:59.580372,0.010017595196377203,LOW RISK,Approve,East,39288
463,2026-05-15 18:34:59.580372,0.0024876746855455757,LOW RISK,Approve,East,27176
464,2026-05-15 18:44:59.580372,0.00012964632675818062,LOW RISK,Approve,East,44705
465,2026-05-15 18:54:59.580372,5.911015250550409e-05,LOW RISK,Approve,South,19129
466,2026-05-15 19:04:59.580372,2.378214549885565e-10,LOW RISK,Approve,South,23073
467,2026-05-15 19:14:59.580372,0.004093729164927254,LOW RISK,Approve,West,39221
468,2026-05-15 19:24:59.580372,1.4832410661031957e-07,LOW RISK,Approve,North,31533
469,2026-05-15 19:34:59.580372,0.008373539645521127,LOW RISK,Approve,East,43409
470,2026-05-15 19:44:59.580372,1.5688248260078693e-06,LOW RISK,Approve,South,2032
471,2026-05-15 19:54:59.580372,0.00024394136799564317,LOW RISK,Approve,North,44354
472,2026-05-15 20:04:59.580372,0.006663851461301285,LOW RISK,Approve,North,1857
473,2026-05-15 20:14:59.580372,0.006756814388929295,LOW RISK,Approve,South,30822
474,2026-05-15 20:24:59.580372,0.0055065557678386085,LOW RISK,Approve,East,37953
475,2026-05-15 20:34:59.580372,0.0019656806012025747,LOW RISK,Approve,West,38505
476,2026-05-15 20:44:59.580372,0.009443989566521174,LOW RISK,Approve,North,1216
477,2026-05-15 20:54:59.580372,0.013349297608676243,LOW RISK,Approve,West,43627
478,2026-05-15 21:04:59.580372,0.00010592647199624435,LOW RISK,Approve,East,11791
479,2026-05-15 21:14:59.580372,6.032358470813359e-05,LOW RISK,Approve,East,592
480,2026-05-15 21:24:59.580372,0.0012521551040284148,LOW RISK,Approve,West,27982
481,2026-05-15 21:34:59.580372,4.70811647229557e-15,LOW RISK,Approve,East,8911
482,2026-05-15 21:44:59.580372,0.0027123278158015904,LOW RISK,Approve,North,27908
483,2026-05-15 21:54:59.580372,0.00954883508711535,LOW RISK,Approve,West,24372
484,2026-05-15 22:04:59.580372,0.002100115087687171,LOW RISK,Approve,East,28499
485,2026-05-15 22:14:59.580372,2.7163419054696875e-05,LOW RISK,Approve,West,6574
486,2026-05-15 22:24:59.580372,1.5145514117783112e-05,LOW RISK,Approve,North,27056
487,2026-05-15 22:34:59.580372,1.7020177238214193e-06,LOW RISK,Approve,East,47253
488,2026-05-15 22:44:59.580372,0.0001024549280755397,LOW RISK,Approve,North,42606
489,2026-05-15 22:54:59.580372,0.006282367310360324,LOW RISK,Approve,East,14079
490,2026-05-15 23:04:59.580372,0.001465987927938899,LOW RISK,Approve,South,44623
491,2026-05-15 23:14:59.580372,4.0543437300887154e-10,LOW RISK,Approve,East,42665
492,2026-05-15 23:24:59.580372,1.1271070196159722e-06,LOW RISK,Approve,West,28428
493,2026-05-15 23:34:59.580372,0.00036576347793751694,LOW RISK,Approve,East,47475
494,2026-05-15 23:44:59.580372,3.2107220954283584e-12,LOW RISK,Approve,North,12967
495,2026-05-15 23:54:59.580372,0.004129420186650777,LOW RISK,Approve,North,25951
496,2026-05-16 00:04:59.580372,2.8775071650103495e-06,LOW RISK,Approve,East,31379
497,2026-05-16 00:14:59.580372,8.826333467635398e-05,LOW RISK,Approve,West,30627
498,2026-05-16 00:24:59.580372,0.0004899985105591845,LOW RISK,Approve,South,7966
499,2026-05-16 00:34:59.580372,0.016733835047033012,LOW RISK,Approve,West,15549
500,2026-05-16 00:44:59.580372,6.16092311868078e-06,LOW RISK,Approve,South,10785
